{"name":"32acb599-1913-43af-a5ab-ebf60cde42df","id":"/providers/Microsoft.Flow/flows/32acb599-1913-43af-a5ab-ebf60cde42df","type":"Microsoft.Flow/flows","properties":{"apiId":"/providers/Microsoft.PowerApps/apis/shared_logicflows","displayName":"Sitecheck Scan","definition":{"metadata":{"workflowEntityId":null,"flowclientsuspensionreason":"None","flowclientsuspensiontime":null,"creator":{"id":"6d3fc0fc-341e-4adb-9d72-ae651c816a27","type":"User","tenantId":"b44eb401-1c30-454c-ae94-78de08e2320c"},"provisioningMethod":"FromDefinition","failureAlertSubscription":true,"clientLastModifiedTime":"2020-08-07T13:24:18.6393537Z"},"$schema":"https://schema.management.azure.com/providers/Microsoft.Logic/schemas/2016-06-01/workflowdefinition.json#","contentVersion":"1.0.0.0","parameters":{"$connections":{"defaultValue":{},"type":"Object"},"$authentication":{"defaultValue":{},"type":"SecureObject"}},"triggers":{"Recurrence":{"recurrence":{"frequency":"Day","interval":1,"startTime":"2020-05-13T14:30:00.000Z"},"type":"Recurrence"}},"actions":{"Find_files_in_folder_by_path":{"runAfter":{"Initialize_variable":["Succeeded"]},"metadata":{"flowSystemMetadata":{"swaggerOperationId":"FindFilesByPath"}},"type":"ApiConnection","inputs":{"host":{"connection":{"name":"@parameters('$connections')['shared_onedriveforbusiness']['connectionId']"},"api":{"runtimeUrl":"https://flow-apim-msmanaged-na-westus2-01.azure-apim.net/apim/onedriveforbusiness"}},"method":"get","path":"/datasets/default/findFile","queries":{"query":".json","path":"/Scanner/","findMode":"Pattern","maxFileCount":10},"authentication":"@parameters('$authentication')"}},"Apply_to_each_3":{"foreach":"@body('Find_files_in_folder_by_path')","actions":{"Get_file_content_using_path":{"runAfter":{},"metadata":{"flowSystemMetadata":{"swaggerOperationId":"GetFileContentByPath"}},"type":"ApiConnection","inputs":{"host":{"connection":{"name":"@parameters('$connections')['shared_onedriveforbusiness']['connectionId']"},"api":{"runtimeUrl":"https://flow-apim-msmanaged-na-westus2-01.azure-apim.net/apim/onedriveforbusiness"}},"method":"get","path":"/datasets/default/GetFileContentByPath","queries":{"path":"@items('Apply_to_each_3')?['Path']","inferContentType":false},"authentication":"@parameters('$authentication')"}},"bot":{"runAfter":{"Post_your_own_adaptive_card_as_the_Flow_bot_to_a_user":["Succeeded"]},"metadata":{"flowSystemMetadata":{"swaggerOperationId":"SubscribeUserMessageWithOptions"}},"type":"ApiConnectionWebhook","inputs":{"host":{"connection":{"name":"@parameters('$connections')['shared_teams']['connectionId']"},"api":{"runtimeUrl":"https://flow-apim-msmanaged-na-northcentralus-01.azure-apim.net/apim/teams"}},"body":{"notificationUrl":"@{listCallbackUrl()}","body":{"options":["Send Card","Delete"],"messageTitle":"@items('Apply_to_each_3')?['NameNoExt']","recipient":{"to":"@{variables('user')}@geo-instruments.com;"},"messageBody":"Data gathered: @{items('Apply_to_each_3')?['LastModified']}"}},"path":"/flowbot/actions/messagewithoptions/recipienttypes/user/$subscriptions","authentication":"@parameters('$authentication')"}},"Switch":{"runAfter":{"Set_variable":["Succeeded"]},"cases":{"Case":{"case":"Send Card","actions":{"Post_your_own_adaptive_card_as_the_Flow_bot_to_a_channel_2":{"runAfter":{},"metadata":{"flowSystemMetadata":{"swaggerOperationId":"PostChannelAdaptiveCard"}},"type":"ApiConnection","inputs":{"host":{"connection":{"name":"@parameters('$connections')['shared_teams']['connectionId']"},"api":{"runtimeUrl":"https://flow-apim-msmanaged-na-northcentralus-01.azure-apim.net/apim/teams"}},"method":"post","body":{"recipient":{"channelId":"19:acf7aa6ba3ca478297b0f949a9013345@thread.skype"},"messageBody":"@{json(body('Get_file_content_using_path'))}"},"path":"/flowbot/actions/adaptivecard/recipienttypes/channel","queries":{"groupId":"f54aa80e-0e6b-4db6-a664-d50b423995ae"},"authentication":"@parameters('$authentication')"}},"Delete_file":{"runAfter":{"Post_your_own_adaptive_card_as_the_Flow_bot_to_a_channel_2":["Succeeded"]},"metadata":{"flowSystemMetadata":{"swaggerOperationId":"DeleteFile"}},"type":"ApiConnection","inputs":{"host":{"connection":{"name":"@parameters('$connections')['shared_onedriveforbusiness']['connectionId']"},"api":{"runtimeUrl":"https://flow-apim-msmanaged-na-westus2-01.azure-apim.net/apim/onedriveforbusiness"}},"method":"delete","path":"/datasets/default/files/@{encodeURIComponent(encodeURIComponent(items('Apply_to_each_3')?['Id']))}","authentication":"@parameters('$authentication')"}}}},"Case_2":{"case":"Rerun","actions":{"Create_file":{"runAfter":{},"metadata":{"flowSystemMetadata":{"swaggerOperationId":"CreateFile"}},"type":"ApiConnection","inputs":{"host":{"connection":{"name":"@parameters('$connections')['shared_onedriveforbusiness']['connectionId']"},"api":{"runtimeUrl":"https://flow-apim-msmanaged-na-westus2-01.azure-apim.net/apim/onedriveforbusiness"}},"method":"post","body":"cd C:\\Users\\Dan.Edens\\Sitecheck_Scrapper\\ \npython Scanner.py -p @{items('Apply_to_each_3')?['NameNoExt']}-h  > @{items('Apply_to_each_3')?['NameNoExt']}_results.txt","path":"/datasets/default/files","queries":{"folderPath":"/Scanner/run","name":"@{items('Apply_to_each_3')?['NameNoExt']}.bat"},"authentication":"@parameters('$authentication')"},"runtimeConfiguration":{"contentTransfer":{"transferMode":"Chunked"}}},"Delete_file_3":{"runAfter":{"Create_file":["Succeeded"]},"metadata":{"flowSystemMetadata":{"swaggerOperationId":"DeleteFile"}},"type":"ApiConnection","inputs":{"host":{"connection":{"name":"@parameters('$connections')['shared_onedriveforbusiness']['connectionId']"},"api":{"runtimeUrl":"https://flow-apim-msmanaged-na-westus2-01.azure-apim.net/apim/onedriveforbusiness"}},"method":"delete","path":"/datasets/default/files/@{encodeURIComponent(encodeURIComponent(items('Apply_to_each_3')?['Id']))}","authentication":"@parameters('$authentication')"}}}},"Case_3":{"case":"Delete","actions":{"Delete_file_2":{"runAfter":{},"metadata":{"flowSystemMetadata":{"swaggerOperationId":"DeleteFile"}},"type":"ApiConnection","inputs":{"host":{"connection":{"name":"@parameters('$connections')['shared_onedriveforbusiness']['connectionId']"},"api":{"runtimeUrl":"https://flow-apim-msmanaged-na-westus2-01.azure-apim.net/apim/onedriveforbusiness"}},"method":"delete","path":"/datasets/default/files/@{encodeURIComponent(encodeURIComponent(items('Apply_to_each_3')?['Id']))}","authentication":"@parameters('$authentication')"}}}}},"default":{"actions":{}},"expression":"@variables('response')","type":"Switch"},"Post_your_own_adaptive_card_as_the_Flow_bot_to_a_user":{"runAfter":{"Get_file_content_using_path":["Succeeded"]},"metadata":{"flowSystemMetadata":{"swaggerOperationId":"PostUserAdaptiveCard"}},"type":"ApiConnection","inputs":{"host":{"connection":{"name":"@parameters('$connections')['shared_teams']['connectionId']"},"api":{"runtimeUrl":"https://flow-apim-msmanaged-na-northcentralus-01.azure-apim.net/apim/teams"}},"method":"post","body":{"recipient":{"to":"@{variables('user')}@geo-instruments.com;;"},"messageBody":"@{json(body('Get_file_content_using_path'))}\n"},"path":"/flowbot/actions/adaptivecard/recipienttypes/user","authentication":"@parameters('$authentication')"}},"Set_variable":{"runAfter":{"bot":["Succeeded"]},"type":"SetVariable","inputs":{"name":"response","value":"@body('bot')['selectedOption']"}},"bot_2":{"runAfter":{"Post_your_own_adaptive_card_as_the_Flow_bot_to_a_user":["Failed"]},"metadata":{"flowSystemMetadata":{"swaggerOperationId":"SubscribeUserMessageWithOptions"}},"type":"ApiConnectionWebhook","inputs":{"host":{"connection":{"name":"@parameters('$connections')['shared_teams']['connectionId']"},"api":{"runtimeUrl":"https://flow-apim-msmanaged-na-northcentralus-01.azure-apim.net/apim/teams"}},"body":{"notificationUrl":"@{listCallbackUrl()}","body":{"options":["Pass","Delete"],"messageTitle":"@items('Apply_to_each_3')?['NameNoExt']","recipient":{"to":"@{variables('user')}@geo-instruments.com;","isAlert":false},"messageBody":"Error. Check Card for overflow.. "}},"path":"/flowbot/actions/messagewithoptions/recipienttypes/user/$subscriptions","authentication":"@parameters('$authentication')"}},"Set_variable_2":{"runAfter":{"bot_2":["Succeeded"]},"type":"SetVariable","inputs":{"name":"response","value":"@body('bot_2')['selectedOption']"}},"Switch_2":{"runAfter":{"Set_variable_2":["Succeeded"]},"cases":{"Case":{"case":"Delete","actions":{"Delete_file_4":{"runAfter":{},"metadata":{"flowSystemMetadata":{"swaggerOperationId":"DeleteFile"}},"type":"ApiConnection","inputs":{"host":{"connection":{"name":"@parameters('$connections')['shared_onedriveforbusiness']['connectionId']"},"api":{"runtimeUrl":"https://flow-apim-msmanaged-na-westus2-01.azure-apim.net/apim/onedriveforbusiness"}},"method":"delete","path":"/datasets/default/files/@{encodeURIComponent(encodeURIComponent(items('Apply_to_each_3')?['Id']))}","authentication":"@parameters('$authentication')"}}}}},"default":{"actions":{"Move_or_rename_a_file_using_path":{"runAfter":{},"metadata":{"flowSystemMetadata":{"swaggerOperationId":"MoveFileByPath"}},"type":"ApiConnection","inputs":{"host":{"connection":{"name":"@parameters('$connections')['shared_onedriveforbusiness']['connectionId']"},"api":{"runtimeUrl":"https://flow-apim-msmanaged-na-westus2-01.azure-apim.net/apim/onedriveforbusiness"}},"method":"post","path":"/datasets/default/MoveFileByPath","queries":{"source":"@items('Apply_to_each_3')?['Path']","destination":"root/data/error/@{items('Apply_to_each_3')?['Name']}","overwrite":true},"authentication":"@parameters('$authentication')"}}}},"expression":"@variables('response')","type":"Switch"}},"runAfter":{"Find_files_in_folder_by_path":["Succeeded"]},"type":"Foreach"},"Initialize_variable":{"runAfter":{"Initialize_variable_2":["Succeeded"]},"type":"InitializeVariable","inputs":{"variables":[{"name":"response","type":"string","value":"none"}]}},"Initialize_variable_2":{"runAfter":{},"type":"InitializeVariable","inputs":{"variables":[{"name":"user","type":"string","value":"dan.edens"}]}},"Terminate":{"runAfter":{"Post_a_message_as_the_Flow_bot_to_a_user":["Succeeded"]},"type":"Terminate","inputs":{"runStatus":"Succeeded"}},"Post_a_message_as_the_Flow_bot_to_a_user":{"runAfter":{"Apply_to_each_3":["Succeeded"]},"metadata":{"flowSystemMetadata":{"swaggerOperationId":"PostUserNotification"}},"type":"ApiConnection","inputs":{"host":{"connection":{"name":"@parameters('$connections')['shared_teams']['connectionId']"},"api":{"runtimeUrl":"https://flow-apim-msmanaged-na-northcentralus-01.azure-apim.net/apim/teams"}},"method":"post","body":{"messageTitle":"Run Complete","recipient":{"to":"@{variables('user')}@geo-instruments.com;"},"messageBody":"Input folder is empty"},"path":"/flowbot/actions/notification/recipienttypes/user","authentication":"@parameters('$authentication')"}}}},"connectionReferences":{"shared_onedriveforbusiness":{"connectionName":"shared-onedriveforbu-6336466d-e5fe-4789-9994-7f9204f6dff0","source":"Embedded","id":"/providers/Microsoft.PowerApps/apis/shared_onedriveforbusiness","tier":"NotSpecified"},"shared_teams":{"connectionName":"shared-teams-a4e823f8-5be2-409c-80a4-6e5615f32bd5","source":"Embedded","id":"/providers/Microsoft.PowerApps/apis/shared_teams","tier":"NotSpecified"}},"flowFailureAlertSubscribed":false}}